metric,marca_std,subcategoria,event_time,ciclo_idx,observado,sintetico,gap
gmv,Eudora,Condicionador,-8,11,29330.97,26330.496233130187,3000.4737668698144
gmv,Eudora,Condicionador,-7,12,31209.06,32577.81040356771,-1368.7504035677084
gmv,Eudora,Condicionador,-6,13,25221.11,27240.855606073732,-2019.7456060737313
gmv,Eudora,Condicionador,-5,14,47704.35,47953.55720367992,-249.2072036799218
gmv,Eudora,Condicionador,-4,15,36330.09,38999.381430268484,-2669.2914302684876
gmv,Eudora,Condicionador,-3,16,66106.15,66327.09071454286,-220.9407145428704
gmv,Eudora,Condicionador,-2,17,20991.56,21039.194879375456,-47.63487937545506
gmv,Eudora,Condicionador,-1,18,21986.78,21112.647064309815,874.1329356901842
gmv,Eudora,Condicionador,0,19,29042.09,16435.84602630599,12606.24397369401
gmv,Eudora,Condicionador,1,20,35362.14,22575.886159920155,12786.253840079844
gmv,Eudora,Condicionador,2,21,39204.58,27763.710446973517,11440.869553026485
gmv,Eudora,Condicionador,3,22,45416.98,29794.798996659883,15622.18100334012
gmv,Eudora,Condicionador,4,23,22454.95,12179.692231826835,10275.257768173165
gmv,Eudora,Condicionador,5,24,39836.729999999996,26153.889024378615,13682.84097562138
gmv,Eudora,Condicionador,6,25,24601.52,16645.965173245924,7955.554826754076
gmv,Eudora,Condicionador,7,26,23057.42,17794.880295482868,5262.53970451713
gmv,Eudora,Condicionador,8,27,34563.99,23698.123925601692,10865.866074398305
gmv,Eudora,Condicionador,9,28,18007.28,11542.488978525194,6464.791021474804
gmv,Eudora,Condicionador,10,29,22784.37,18125.930262276197,4658.439737723802
gmv,Eudora,Condicionador,11,30,28311.26,21626.82983402165,6684.430165978349
gmv,Eudora,Condicionador,12,31,53099.119999999995,30207.91593614436,22891.204063855635
gmv,Eudora,Hidratante Corporal,-8,17,105249.94,98489.0064589171,6760.933541082908
gmv,Eudora,Hidratante Corporal,-7,18,127178.19,126386.57679351426,791.6132064857375
gmv,Eudora,Hidratante Corporal,-6,19,128657.23000000001,122308.56785341201,6348.662146588002
gmv,Eudora,Hidratante Corporal,-5,20,164586.91,183437.54482610335,-18850.63482610334
gmv,Eudora,Hidratante Corporal,-4,21,213039.28,196749.9647034193,16289.315296580695
gmv,Eudora,Hidratante Corporal,-3,22,230390.85,206635.4593144789,23755.390685521095
gmv,Eudora,Hidratante Corporal,-2,23,111413.77,92832.21393119573,18581.556068804275
gmv,Eudora,Hidratante Corporal,-1,24,203467.22,180913.14965119574,22554.070348804264
gmv,Eudora,Hidratante Corporal,0,25,105411.24,117365.36630485678,-11954.126304856778
gmv,Eudora,Hidratante Corporal,1,26,114946.58,129213.47338422098,-14266.89338422098
gmv,Eudora,Hidratante Corporal,2,27,180764.48,182868.7400889467,-2104.2600889466994
gmv,Eudora,Hidratante Corporal,3,28,88634.34,104345.93378972259,-15711.593789722596
gmv,Eudora,Hidratante Corporal,4,29,111066.69,133815.9505175759,-22749.260517575894
gmv,Eudora,Hidratante Corporal,5,30,157557.38,164527.57770400462,-6970.197704004619
gmv,Eudora,Hidratante Corporal,6,31,208355.98,232481.92455618916,-24125.944556189148
gmv,Eudora,Hidratante Corporal,7,32,170999.85,168368.47901610576,2631.370983894245
gmv,Eudora,Hidratante Corporal,8,33,253885.72,248334.39603514466,5551.323964855343
gmv,Eudora,Hidratante Corporal,9,34,79834.06,96531.36769157897,-16697.30769157897
gmv,Eudora,Hidratante Corporal,10,35,85230.17,98201.74392156024,-12971.573921560237
gmv,Eudora,Hidratante Corporal,11,36,113353.88,119882.29405513723,-6528.414055137226
gmv,Eudora,Hidratante Corporal,12,37,102467.32,101313.97037159695,1153.3496284030552
gmv,Eudora,Máscara,-8,10,87999.36,93610.57115087021,-5611.211150870207
gmv,Eudora,Máscara,-7,11,62901.369999999995,56734.82530863407,6166.544691365925
gmv,Eudora,Máscara,-6,12,73623.3,71154.58790225338,2468.7120977466257
gmv,Eudora,Máscara,-5,13,60469.85,63887.174163450814,-3417.324163450816
gmv,Eudora,Máscara,-4,14,114898.43,112847.55477099217,2050.8752290078264
gmv,Eudora,Máscara,-3,15,80765.59999999999,87274.3492657048,-6508.749265704813
gmv,Eudora,Máscara,-2,16,150412.3,142512.9508319778,7899.349168022192
gmv,Eudora,Máscara,-1,17,48276.06,47487.17888351818,788.881116481818
gmv,Eudora,Máscara,0,18,51548.9,49497.13058120847,2051.769418791533
gmv,Eudora,Máscara,1,19,47638.25,43419.667194977425,4218.5828050225755
gmv,Eudora,Máscara,2,20,66829.13,65450.379056227066,1378.7509437729386
gmv,Eudora,Máscara,3,21,76570.37,78111.5613984728,-1541.1913984728017
gmv,Eudora,Máscara,4,22,91640.64,83900.3891295947,7740.250870405303
gmv,Eudora,Máscara,5,23,39071.82,38573.35255428565,498.4674457143483
gmv,Eudora,Máscara,6,24,75812.95999999999,71092.75240513246,4720.207594867534
gmv,Eudora,Máscara,7,25,50375.74,49685.52955972944,690.210440270559
gmv,Eudora,Máscara,8,26,51298.44,48087.6747155912,3210.7652844088007
gmv,Eudora,Máscara,9,27,78751.55,69170.66202822089,9580.887971779113
gmv,Eudora,Máscara,10,28,41609.1,36203.58654206291,5405.513457937086
gmv,Eudora,Máscara,11,29,56067.49,50959.89457210112,5107.595427898879
gmv,Eudora,Máscara,12,30,64607.64,62549.65643907315,2057.9835609268484
gmv,Eudora,Perfume Feminino,-8,18,8224.15,10306.869185092168,-2082.719185092168
gmv,Eudora,Perfume Feminino,-7,19,11790.4,10075.710657266274,1714.6893427337254
gmv,Eudora,Perfume Feminino,-6,20,11509.64,13031.892981506302,-1522.2529815063026
gmv,Eudora,Perfume Feminino,-5,21,15479.75,14278.444443996033,1201.3055560039666
gmv,Eudora,Perfume Feminino,-4,22,17098.85,17078.087425611575,20.762574388423673
gmv,Eudora,Perfume Feminino,-3,23,3974.37,7186.6487830293345,-3212.2787830293346
gmv,Eudora,Perfume Feminino,-2,24,5546.49,15522.76732065776,-9976.27732065776
gmv,Eudora,Perfume Feminino,-1,25,4546.46,8261.054091234097,-3714.5940912340966
gmv,Eudora,Perfume Feminino,0,26,7175.78,8734.785227296832,-1559.0052272968323
gmv,Eudora,Perfume Feminino,1,27,9007.09,12680.348650529155,-3673.2586505291547
gmv,Eudora,Perfume Feminino,2,28,4064.0,7749.551501408349,-3685.5515014083494
gmv,Eudora,Perfume Feminino,3,29,4941.88,7187.038115932676,-2245.158115932676
gmv,Eudora,Perfume Feminino,4,30,7374.87,8853.44710896617,-1478.5771089661694
gmv,Eudora,Perfume Feminino,5,31,9766.78,12119.761062775513,-2352.9810627755123
gmv,Eudora,Perfume Feminino,6,32,6713.25,9292.034715760648,-2578.7847157606484
gmv,Eudora,Perfume Feminino,7,33,11561.74,14157.827059517002,-2596.0870595170018
gmv,Eudora,Perfume Feminino,8,34,4594.28,5350.530685941012,-756.2506859410123
gmv,Eudora,Perfume Feminino,9,35,4990.85,5138.524457272217,-147.6744572722164
gmv,Eudora,Perfume Feminino,10,36,7095.32,6666.530397967931,428.7896020320686
gmv,Eudora,Perfume Feminino,11,37,6450.48,6545.858294212985,-95.37829421298557
gmv,Eudora,Perfume Feminino,12,38,6006.19,7725.37266213703,-1719.18266213703
gmv,Eudora,Perfume Masculino,-7,0,109794.91,96800.91070028272,12993.999299717281
gmv,Eudora,Perfume Masculino,-6,1,97979.55,103377.5134919708,-5397.963491970804
gmv,Eudora,Perfume Masculino,-5,2,115811.0,120630.7970683815,-4819.797068381493
gmv,Eudora,Perfume Masculino,-4,3,142449.98,138446.99517999057,4002.984820009442
gmv,Eudora,Perfume Masculino,-3,4,138789.74,145079.1729244991,-6289.432924499095
gmv,Eudora,Perfume Masculino,-2,5,183829.41,188529.14565483216,-4699.735654832155
gmv,Eudora,Perfume Masculino,-1,6,95200.22,90990.2749800434,4209.945019956605
gmv,Eudora,Perfume Masculino,0,7,162837.41999999998,158835.55700116046,4001.862998839526
gmv,Eudora,Perfume Masculino,1,8,85323.3,69633.83699450278,15689.463005497222
gmv,Eudora,Perfume Masculino,2,9,118632.15,92979.47696487262,25652.673035127373
gmv,Eudora,Perfume Masculino,3,10,145009.88,103206.25659062182,41803.62340937818
gmv,Eudora,Perfume Masculino,4,11,75263.59,63082.374515920295,12181.215484079701
gmv,Eudora,Perfume Masculino,5,12,102218.11,87719.8362888386,14498.273711161397
gmv,Eudora,Perfume Masculino,6,13,85395.76,76860.49227759901,8535.267722400982
gmv,Eudora,Perfume Masculino,7,14,137184.61,123977.03675815393,13207.573241846054
gmv,Eudora,Perfume Masculino,8,15,118545.8,107942.3018349077,10603.4981650923
gmv,Eudora,Perfume Masculino,9,16,204940.32,162619.7066360902,42320.6133639098
gmv,Eudora,Perfume Masculino,10,17,60705.07,48538.425930426005,12166.644069573995
gmv,Eudora,Perfume Masculino,11,18,73550.54,62839.649088273734,10710.89091172626
gmv,Eudora,Perfume Masculino,12,19,72873.76,60733.26947715489,12140.490522845103
gmv,Eudora,Sabonete Líquido,-8,20,32069.23,35233.19579641202,-3163.9657964120233
gmv,Eudora,Sabonete Líquido,-7,21,35965.55,38647.12373411647,-2681.573734116464
gmv,Eudora,Sabonete Líquido,-6,22,49537.12,44891.42599724316,4645.694002756842
gmv,Eudora,Sabonete Líquido,-5,23,14905.84,16499.58870735101,-1593.7487073510092
gmv,Eudora,Sabonete Líquido,-4,24,33514.22,33205.048270261,309.1717297389987
gmv,Eudora,Sabonete Líquido,-3,25,23732.08,20134.455586195872,3597.6244138041293
gmv,Eudora,Sabonete Líquido,-2,26,21406.84,23609.19678676416,-2202.3567867641614
gmv,Eudora,Sabonete Líquido,-1,27,38186.340000000004,34945.90049281903,3240.4395071809704
gmv,Eudora,Sabonete Líquido,0,28,16345.59,16105.266619779753,240.3233802202467
gmv,Eudora,Sabonete Líquido,1,29,30164.57,24657.773071100815,5506.796928899184
gmv,Eudora,Sabonete Líquido,2,30,30752.74,28122.75027505441,2629.98972494559
gmv,Eudora,Sabonete Líquido,3,31,44833.46,46612.98969029131,-1779.5296902913105
gmv,Eudora,Sabonete Líquido,4,32,31375.600000000002,33112.62231705004,-1737.0223170500358
gmv,Eudora,Sabonete Líquido,5,33,44552.130000000005,46741.199715079376,-2189.0697150793712
gmv,Eudora,Sabonete Líquido,6,34,17094.08,15708.868304626176,1385.211695373826
gmv,Eudora,Sabonete Líquido,7,35,17380.24,18209.85655183912,-829.6165518391172
gmv,Eudora,Sabonete Líquido,8,36,30214.36,21885.394343719447,8328.965656280554
gmv,Eudora,Sabonete Líquido,9,37,23168.97,19979.530672649147,3189.439327350854
gmv,Eudora,Sabonete Líquido,10,38,33246.78,22225.382504525347,11021.397495474652
gmv,Eudora,Sabonete Líquido,11,39,50212.79,37754.139003710676,12458.650996289325
gmv,Eudora,Sabonete Líquido,12,40,24691.02,18476.370401274948,6214.649598725053
gmv,Eudora,Sérum,-8,15,6320.59,7311.786645092846,-991.1966450928458
gmv,Eudora,Sérum,-7,16,9745.59,11165.353731176812,-1419.7637311768121
gmv,Eudora,Sérum,-6,17,3172.64,3719.520632811415,-546.8806328114151
gmv,Eudora,Sérum,-5,18,2919.47,4091.337355371994,-1171.867355371994
gmv,Eudora,Sérum,-4,19,3163.0,3801.118421973715,-638.1184219737152
gmv,Eudora,Sérum,-3,20,5236.07,4799.726003570706,436.34399642929384
gmv,Eudora,Sérum,-2,21,4842.54,5928.187125492563,-1085.6471254925627
gmv,Eudora,Sérum,-1,22,5593.44,7193.176938757024,-1599.7369387570243
gmv,Eudora,Sérum,0,23,3123.56,2881.509949195633,242.05005080436695
gmv,Eudora,Sérum,1,24,5478.53,6756.108576158833,-1277.5785761588331
gmv,Eudora,Sérum,2,25,3544.44,3362.765406495135,181.67459350486524
gmv,Eudora,Sérum,3,26,3669.37,3488.922076883955,180.44792311604488
gmv,Eudora,Sérum,4,27,4830.11,5644.819417183098,-814.7094171830986
gmv,Eudora,Sérum,5,28,3338.92,2744.9802898360676,593.9397101639324
gmv,Eudora,Sérum,6,29,3691.77,3784.671564764381,-92.90156476438096
gmv,Eudora,Sérum,7,30,4770.04,4855.883361319285,-85.84336131928467
gmv,Eudora,Sérum,8,31,7761.17,6904.864962715268,856.305037284732
gmv,Eudora,Sérum,9,32,4921.05,5261.269143607518,-340.21914360751816
gmv,Eudora,Sérum,10,33,7426.18,7717.448878645044,-291.2688786450435
gmv,Eudora,Sérum,11,34,2610.43,2998.2030882885833,-387.7730882885835
gmv,Eudora,Sérum,12,35,2241.09,2706.1255148230507,-465.03551482305056
gmv,O Boticário,Máscara,-8,10,47803.64,54307.87759276356,-6504.2375927635585
gmv,O Boticário,Máscara,-7,11,26944.84,31307.07629880629,-4362.236298806289
gmv,O Boticário,Máscara,-6,12,41795.1,41160.11540328709,634.9845967129077
gmv,O Boticário,Máscara,-5,13,50604.31,42114.14567661965,8490.164323380348
gmv,O Boticário,Máscara,-4,14,68728.06999999999,64950.93098868319,3777.1390113168018
gmv,O Boticário,Máscara,-3,15,52318.96,51182.79288092458,1136.1671190754205
gmv,O Boticário,Máscara,-2,16,84432.11,82629.72514248826,1802.3848575117445
gmv,O Boticário,Máscara,-1,17,28101.239999999998,27491.94287425103,609.2971257489662
gmv,O Boticário,Máscara,0,18,24002.43,26703.082127244037,-2700.652127244037
gmv,O Boticário,Máscara,1,19,34542.27,24326.793468776963,10215.476531223034
gmv,O Boticário,Máscara,2,20,44870.1,41848.951514507346,3021.148485492653
gmv,O Boticário,Máscara,3,21,45453.119999999995,48100.56870120237,-2647.4487012023747
gmv,O Boticário,Máscara,4,22,47738.49,54129.357138470354,-6390.867138470356
gmv,O Boticário,Máscara,5,23,18516.309999999998,25873.084986303824,-7356.774986303826
gmv,O Boticário,Máscara,6,24,39343.88,45674.77947138054,-6330.899471380544
gmv,O Boticário,Máscara,7,25,24180.17,30268.071228938137,-6087.901228938139
gmv,O Boticário,Máscara,8,26,26004.73,31276.122036530247,-5271.392036530247
gmv,O Boticário,Máscara,9,27,36267.46,44893.724489215536,-8626.264489215537
gmv,O Boticário,Máscara,10,28,14778.06,22646.27548200031,-7868.215482000311
gmv,O Boticário,Máscara,11,29,30600.559999999998,32526.59272575715,-1926.0327257571516
gmv,O Boticário,Máscara,12,30,38202.76,36326.39000464667,1876.3699953533287
gmv,O Boticário,Sabonete Líquido,-8,16,214637.82,217312.12691391757,-2674.306913917564
gmv,O Boticário,Sabonete Líquido,-7,17,72708.8,71113.06909971805,1595.730900281953
gmv,O Boticário,Sabonete Líquido,-6,18,82425.83,76764.8563404716,5660.973659528405
gmv,O Boticário,Sabonete Líquido,-5,19,78036.43000000001,73755.03635907275,4281.393640927257
gmv,O Boticário,Sabonete Líquido,-4,20,107556.43000000001,111960.59424569423,-4404.164245694221
gmv,O Boticário,Sabonete Líquido,-3,21,123164.74,121396.90511826129,1767.834881738716
gmv,O Boticário,Sabonete Líquido,-2,22,138208.24,141671.99344026952,-3463.753440269531
gmv,O Boticário,Sabonete Líquido,-1,23,54307.68,50846.30125540574,3461.378744594258
gmv,O Boticário,Sabonete Líquido,0,24,108665.89,106630.8977881438,2034.9922118561954
gmv,O Boticário,Sabonete Líquido,1,25,67362.28,62259.45506877512,5102.824931224881
gmv,O Boticário,Sabonete Líquido,2,26,85910.59,73759.6536641556,12150.936335844395
gmv,O Boticário,Sabonete Líquido,3,27,98156.27,108520.50987790665,-10364.239877906643
gmv,O Boticário,Sabonete Líquido,4,28,52496.380000000005,52367.98275838665,128.3972416133547
gmv,O Boticário,Sabonete Líquido,5,29,70118.59,73880.28414549908,-3761.6941454990883
gmv,O Boticário,Sabonete Líquido,6,30,111411.40000000001,85505.72385388929,25905.676146110723
gmv,O Boticário,Sabonete Líquido,7,31,155364.28,136752.76924173566,18611.51075826434
gmv,O Boticário,Sabonete Líquido,8,32,102068.08,97901.76722135309,4166.312778646912
gmv,O Boticário,Sabonete Líquido,9,33,143189.1,139039.9671381736,4149.132861826394
gmv,O Boticário,Sabonete Líquido,10,34,53279.28,48321.552995962986,4957.727004037013
gmv,O Boticário,Sabonete Líquido,11,35,53668.450000000004,54119.86882453019,-451.4188245301848
gmv,O Boticário,Sabonete Líquido,12,36,62128.19,64946.69823953847,-2818.508239538467
